GEOID,Dg
1001,3.95763909360944
1003,7.0202225497844
1005,4.75226671535497
1007,4.17663946115145
1009,3.61801380483825
1011,7.33472241333474
1013,4.8724307195297
1015,3.70483666859977
1017,4.42848551027551
1019,3.26205579119428
1021,4.10499506480933
1023,2.39048773226532
1025,3.02998772968677
1027,2.57793432416821
1029,3.97860378180752
1031,4.69661208491545
1033,3.66064416679243
1035,3.01270742355398
1037,3.02415547139956
1039,3.69201391901258
1041,5.69253148393585
1043,3.17887032052943
1045,3.39935576526861
1047,4.44021372685806
1049,2.98241485446293
1051,2.83623470688315
1053,4.21652834629956
1055,3.35089695986996
1057,3.25496820070274
1059,3.65210245916039
1061,3.88602635382597
1063,3.36157137672511
1065,3.08659715932919
1067,3.86226092248073
1069,3.45437841666293
1071,2.96849748149497
1073,5.29125744557521
1075,4.56749953040934
1077,4.01179862130735
1079,3.86088171291328
1081,5.12543576052529
1083,3.54181890596387
1085,5.57638282503118
1087,5.11550665930568
1089,3.8713608839791
1091,3.52516570524944
1093,3.42528501954521
1095,2.86764951387657
1097,4.18877828474889
1099,3.36569469274866
1101,3.72786327078277
1103,3.43816172574306
1105,3.27792038579704
1107,4.20801319095516
1109,5.67266197300755
1111,2.73981369284084
1113,4.49617033000092
1115,4.77619458249107
1117,3.58743805351067
1119,2.1635361097061
1121,3.95069320015286
1123,4.54228839582577
1125,3.59232948462621
1127,3.26601258398176
1129,4.07468489554246
1131,4.05571423705601
1133,2.3582020720311
4003,6.48114434796818
4009,4.95905557125113
4011,4.4209926247859
4012,2.68984857551593
4013,4.67471002299569
4015,2.48432086234306
4019,4.68426723859557
4021,5.17533464253777
4025,2.31253637195624
4027,8.88622685391919
5001,3.12871483699887
5003,4.18870044591566
5007,3.35240453738464
5011,4.87126990465878
5017,3.17818756911779
5019,2.34659980995058
5021,3.84624750084803
5025,2.98013722209281
5029,2.62727213248392
5031,4.15510659930435
5033,2.01774139611121
5035,3.0258451392653
5037,3.05701915077466
5041,3.2100710466457
5043,3.7453315931292
5045,2.75857487871083
5047,2.2347308761681
5053,3.77675113952684
5055,3.43991311869953
5057,3.65195463798361
5059,2.33966820045542
5063,2.87301417243362
5067,2.92995683361785
5069,3.55818723375638
5071,2.5332891479867
5073,3.90830781642193
5075,2.77952447065976
5077,3.94425894552615
5079,3.63142939461012
5081,3.25639476021623
5083,2.71389777746501
5085,3.30049015675653
5091,3.42089991403925
5093,3.46001732863014
5095,3.4827965624992
5105,2.80526702305188
5107,3.28322023190055
5111,3.30714237795317
5115,2.970825041976
5117,2.73909193357003
5119,2.94007128489662
5121,2.9817429611448
5123,3.48443769948929
5131,2.10344421421672
5137,2.05339961421268
5145,2.76661372478406
5147,3.01869857773782
5149,2.50091259962166
6001,5.81629539920652
6005,6.11892640549632
6007,4.49352785022723
6009,3.03489627838869
6011,5.4714501923802
6013,7.22700181409392
6019,12.3940739938609
6021,6.81191620874556
6025,6.37494384356457
6029,10.1352877194938
6031,11.2208681135048
6035,1.89441498122149
6039,6.05012782480678
6041,1.36557432794269
6047,8.96229849469648
6053,5.53914106711779
6055,1.24955706809346
6061,2.5446621804273
6065,7.87661505237895
6067,10.0292689535241
6069,14.1481013106175
6071,2.58010620392917
6077,10.5066099358405
6079,3.1528208156926
6085,12.6951198091011
6087,12.1224111645159
6089,4.92319813034207
6095,10.8555089058586
6097,1.79656051218405
6099,7.65835056470134
6101,7.24042800645806
6103,6.4569979850314
6107,11.4655373208088
6113,13.1425166861245
6115,4.7696748726042
8001,3.69589196633947
8003,3.96034729083376
8005,2.97486880820709
8007,1.07558749835784
8009,3.43865162896663
8011,3.12016838495736
8013,4.53261283305038
8014,4.2616706570645
8017,3.11212576728667
8021,1.9392378080373
8023,3.23528620996029
8025,3.54629825990709
8029,2.86231364440008
8031,3.61651608608806
8033,4.41233141242568
8039,4.76886832324195
8041,3.5131126733958
8043,1.39330157442424
8045,1.05798690398026
8055,1.11608484055771
8059,1.3302186079623
8061,3.27783052056751
8063,3.16551912436813
8067,1.47709667677214
8069,4.59641154890443
8071,2.07714489309809
8073,3.85724275310447
8075,4.41342487739692
8077,2.26854796909648
8081,1.30396565908332
8083,3.3175622233114
8085,3.02947704619057
8087,4.28020873858123
8089,3.35157715153426
8095,3.18196835506096
8099,3.88271753104501
8101,5.42417858555963
8103,1.16340898496579
8105,3.53993238647312
8107,1.59492215909153
8109,4.11396490437431
8113,1.53424666064743
8115,3.43638934122004
8119,1.37272925789559
8121,3.49042286290879
8123,4.76456026814031
8125,3.10079493705551
9001,1.63266815193067
9003,4.30704414385906
9005,1.8249618980036
9007,2.8355779268243
9009,2.59072567743006
9011,2.1344740921491
9013,2.65122011801957
9015,2.25671696614861
10001,3.87334267915335
10003,3.21533163356873
10005,3.72720829512573
11001,3.96520410240509
12001,6.37338506072715
12003,8.44003036734639
12005,5.24626146731588
12007,4.24018562416451
12009,2.69750760586059
12011,6.01769184944288
12013,3.52274153275459
12015,1.24757796581127
12019,6.60088282868419
12021,1.22400337057213
12023,5.21475874735449
12029,2.91594332341532
12031,4.77351458071595
12033,4.63176776410448
12039,4.20830317679277
12041,3.54709046952652
12045,6.52627750753075
12047,4.8550096255874
12051,2.37027713241394
12055,1.11087988083596
12059,4.94684276219437
12061,2.15971295869066
12063,3.17126454941252
12065,6.52406452472156
12067,5.01549700499888
12071,1.24480821624235
12073,5.66932105495042
12075,2.50970817172198
12077,5.33612666448535
12079,4.96363416976328
12083,3.22069313501402
12085,2.71084778866714
12086,5.31353618402025
12089,4.35453177017866
12091,3.30335215839918
12093,1.76127145140082
12099,1.42899960562233
12107,2.43844299290347
12111,2.37634358638072
12113,2.84559312371111
12121,5.74899541623802
12123,6.44435767644618
12125,6.71581085764646
12127,2.34788159537294
12129,6.48398010903526
12131,3.87976048020901
12133,3.95360141934933
13001,3.86095627003887
13003,3.41107577824272
13005,4.03562824550506
13007,3.80519212221099
13009,4.26874615110266
13011,4.12609177440809
13013,9.41934714375748
13015,4.24922987657015
13017,3.82666970786071
13019,3.51450292947756
13021,5.21624082005587
13023,5.04849299784158
13025,4.73520233542388
13027,3.73888321343723
13029,4.30729703714036
13031,3.62570938068262
13033,5.15082462172362
13035,5.45067415894136
13037,5.3036796406279
13039,6.67887728988433
13043,3.86507854920666
13045,2.70751884143784
13047,3.82935465195923
13049,5.72613892280796
13055,3.40353748718953
13057,4.71965740360251
13059,3.52427310852066
13061,4.62002438074963
13065,5.05211049110984
13069,3.33762955121681
13071,3.39665694896727
13073,6.35765669859885
13075,3.29945324662111
13077,4.25701218928044
13079,7.28242087111408
13081,3.80049187650783
13083,2.50650366880853
13085,2.17552288755585
13087,4.46394019954959
13091,5.09441247704735
13093,3.53000748238938
13095,4.42127180487142
13099,4.34825783722337
13101,5.86415461176867
13103,4.77404703251312
13105,4.3450353669593
13107,4.14123917622723
13109,4.78280387350824
13111,2.02343101362287
13113,5.60222868254952
13115,3.62907106046639
13119,4.68405648243848
13123,1.84166339238503
13125,4.61086047749202
13129,4.15621129097171
13131,4.16727620347779
13133,5.48160431454577
13137,1.96360973321662
13139,2.64445500223136
13143,2.44868083508354
13147,4.03600306393615
13149,3.80004347250396
13153,5.77498547519378
13155,3.59126209424751
13157,3.61492085095885
13159,4.45927070848318
13161,3.15313515184337
13163,5.84284746174865
13165,4.04843104678532
13167,5.70517411796786
13169,5.9791014520329
13171,4.9728043364914
13173,4.21212625756694
13175,5.73689821935249
13177,5.94946768005889
13179,3.80678915633186
13181,7.47088463741999
13183,4.75758064045937
13185,4.22402677340552
13187,2.06616550350008
13189,5.19456645351941
13193,7.62474268756063
13195,3.07550285149965
13197,7.29390169627643
13201,3.93220442159358
13205,4.46276480313235
13207,4.31229712263757
13209,5.57776987108498
13211,5.72459845394758
13213,2.92942478480657
13217,3.78675474026189
13219,5.07870556669668
13221,3.70737192414386
13225,6.39072112490666
13227,1.95639654585997
13229,4.2254728796826
13231,6.80421670838542
13233,3.99133117495997
13235,4.64409787224462
13237,4.08677798096888
13239,4.3933000633651
13241,5.92006070428904
13243,5.78399104894044
13245,5.85524148303697
13249,6.27383533447359
13251,4.49719268950984
13253,4.09173401592878
13255,4.26113589162204
13259,4.71685201552317
13261,5.96166904004506
13263,8.39891239312073
13267,5.20435517181941
13269,6.25906013504213
13271,5.1768072609916
13273,5.17088075961328
13275,3.53994582136386
13277,3.66164623372565
13279,5.53084819366183
13281,2.7607126761871
13283,4.732753581237
13287,3.79414276838945
13289,3.64352200154379
13291,2.30680936254727
13293,4.42801562700086
13295,3.1683674940848
13297,4.73822239419739
13299,4.59564295338701
13301,4.68973451999103
13303,7.01417546698969
13305,4.36110727743602
13307,4.75518805364002
13309,5.49030508633612
13311,1.80319761389437
13313,2.35045039553677
13315,3.94836880319459
13317,4.77830812819295
13319,4.88906427575121
13321,3.83430178827383
16001,5.7071089306108
16003,1.31586674473553
16005,3.54909660351602
16011,4.57107345332924
16013,3.45653338011289
16015,1.49726924727873
16019,4.35992501220288
16021,4.15800023263859
16023,2.78072092461899
16025,1.83174487950656
16027,8.01403750216836
16029,3.78007021818617
16031,6.66940322626736
16033,3.41154747250914
16035,3.42450312644278
16037,1.96460147192052
16039,6.17696567820644
16041,3.64004972198651
16043,4.16597886613469
16045,4.18183535997215
16047,3.84160299391279
16049,3.260304112092
16051,4.08461184034766
16053,6.28336614257734
16055,4.6632026386976
16057,3.62379286517383
16059,1.37341178790369
16061,3.80978660878938
16063,5.15856769552991
16065,4.34116047737339
16067,6.22431252183174
16069,3.98615806869154
16071,3.12428072368576
16073,4.54143416677477
16075,5.8351291733223
16077,4.3028532574912
16081,3.37424526021778
16083,6.3772539700778
16087,3.2002439679293
17001,2.24984938614876
17003,2.06043650554429
17005,2.61423944751124
17007,2.1820794192785
17009,2.19978978964967
17011,1.97508686315693
17013,2.26459255593307
17015,1.88513976940306
17017,2.06941886519708
17019,2.07001424408859
17021,2.04337555149188
17023,2.18375045526647
17025,2.47046776323395
17027,2.83607855906955
17029,2.09174173521727
17031,2.23877092769359
17033,2.28915154964059
17035,2.15197583193441
17037,2.0584955214834
17039,2.03272473631264
17041,2.09545134145109
17043,2.21214521470002
17045,2.05091924618622
17047,2.45536805868644
17049,2.31804624747165
17051,2.35297348131657
17053,2.12255168193182
17055,2.52210310350029
17057,2.10527674026819
17059,2.38364515580003
17061,2.13304668984001
17063,2.05204070823945
17065,2.55472110741031
17067,2.13262801128536
17069,2.19667799749053
17071,2.05966443566187
17073,2.0997624809803
17075,2.11226677715895
17077,2.55076901217215
17079,2.23608119226721
17081,2.59910138631041
17083,2.16564279651724
17085,2.14343271972516
17087,2.22403305321646
17089,2.20258335987495
17091,2.24714032952747
17093,2.16309771627868
17095,2.08245455487659
17097,2.63024622514548
17099,2.08569929766096
17101,2.51301088996205
17103,1.89636929150954
17105,2.13434982803665
17107,2.01334890152433
17109,2.05646437069941
17111,2.26058116998652
17113,2.05121822568973
17115,2.02176570059673
17117,2.16702230946459
17119,2.54332313621368
17121,2.52348581800417
17123,2.07584065190635
17125,2.24816513969189
17127,2.35301700391038
17129,2.12473206672522
17131,2.10409277566367
17133,2.85726940996231
17135,2.21349175400781
17137,2.0588038919082
17139,2.0790478624601
17141,1.97978135562316
17143,2.18212134301594
17145,2.743155517137
17147,2.05414598440463
17149,2.11011190949521
17151,2.20677759964421
17153,2.34462289507068
17155,2.11161847427032
17157,2.75430458718646
17159,2.44417851080936
17161,2.2379288676589
17163,2.61287802850261
17165,2.22384574236526
17167,1.99167923134602
17169,2.2259352357787
17171,2.10235291414309
17173,2.17931520869487
17175,2.06369035710057
17177,2.10296857025614
17179,2.2746241411842
17181,2.27473221843731
17183,2.07344672048741
17185,2.37150756124136
17187,2.02459616480801
17189,2.88657580445765
17191,2.46908852149138
17193,2.48078687831783
17195,1.87510621016792
17197,2.37771822256318
17199,2.29541761114698
17201,2.20703970480952
17203,2.1328540315234
18001,2.5846625351893
18003,2.58794723271845
18005,2.36858985176416
18007,2.10604500851571
18009,2.22413230692105
18011,2.19944430214538
18013,2.4582996091303
18015,2.23600093912228
18017,2.32168307382731
18019,2.45402917839852
18021,2.1322922925414
18023,2.13530189125581
18025,2.27638275775479
18027,2.27095682120313
18029,2.24998291504847
18031,2.27496347803894
18033,2.61940975267442
18035,2.19980825522676
18037,2.39112565293875
18039,2.45449474200265
18041,2.25738559498642
18043,2.2606845386612
18045,2.19846234294656
18047,2.2714799335901
18049,2.27006634114085
18051,2.78755240601895
18053,2.21917566397666
18055,2.19763386268657
18057,2.23401728032205
18059,2.21638737138889
18061,2.42119786434659
18063,2.25123476790762
18065,2.27834668356762
18067,2.21733671690004
18069,2.34517875063313
18071,2.33700119142109
18073,2.08241857011873
18075,2.47671403457885
18077,2.17005489407652
18079,2.21600020294905
18081,2.28773266601053
18083,2.6118748774907
18085,2.38430920492946
18087,2.58422534223707
18089,2.19989928009522
18091,2.43200014841404
18093,2.25376834110526
18095,2.1504744673738
18097,2.41569883179146
18099,2.34972781859156
18101,2.22844760981964
18103,2.44372746664599
18105,2.27012640879679
18107,2.13844613389566
18109,2.18495157899598
18111,2.22230557307414
18113,2.50461324160041
18115,2.21409073956277
18117,2.27198260309521
18119,2.29146221539373
18121,2.20238893398421
18123,2.17691132466581
18125,2.320464733589
18127,2.23500830035782
18129,2.75880395613067
18131,2.09032310739438
18133,2.24589663832288
18135,2.32183498875575
18137,2.22542255570064
18139,2.21879427206489
18141,2.36400628678685
18143,2.12529007649389
18145,2.22783657657528
18147,2.25971210822353
18149,2.37530815084838
18151,2.57628922597807
18153,2.35247257094616
18155,2.26046035891533
18157,2.20213164724932
18159,2.13014258274582
18161,2.12673306325794
18163,2.59838241142416
18165,2.14011202658619
18167,2.22004530347583
18169,2.38239820624313
18171,2.22854351824062
18173,2.41654933720973
18175,2.22093852782076
18177,2.34482648263721
18179,2.35604174822365
18181,2.05055034939747
18183,2.53973081536775
19001,2.4302862255177
19003,2.30347465272988
19005,2.49549869325179
19007,2.49814734069595
19009,2.16042608138021
19011,2.14113921354008
19013,2.05935001231127
19015,2.01624884919745
19017,2.0758789514835
19019,2.00792462320354
19021,2.05392495378894
19023,2.01847774903339
19025,2.00354828605599
19027,2.03411268844902
19029,2.16818926439801
19031,2.08428635592283
19033,1.99184121809242
19035,2.08121639771699
19037,2.09899223007754
19039,2.66164778795111
19041,2.05732625024676
19043,2.28543785369017
19045,2.08570558712226
19047,2.13117460552931
19049,2.11091038868562
19051,2.60125824811587
19053,2.49374543918461
19055,1.98992650650913
19057,2.17506764764177
19059,2.12636695828155
19061,2.23048927802244
19063,2.03500002947612
19065,2.23175353640836
19067,2.07144930756676
19069,1.9539089506396
19071,2.04975688228106
19073,2.03790147912836
19075,2.02875101071491
19077,2.22235502934304
19079,1.94724213358121
19081,1.97302171547736
19083,1.97467228091001
19085,2.03614744086486
19087,2.16761911663138
19089,2.17546881521903
19091,2.0085168239776
19093,2.14339470812904
19095,2.25195670322086
19097,2.33959684511313
19099,2.14247023749577
19101,2.18380666310734
19103,2.2978100734744
19105,2.11702334317686
19107,2.15184757709617
19109,2.01726939970531
19111,2.25606184700669
19113,2.1555448812091
19115,2.12551318329444
19117,2.55479042085581
19119,2.07099738236128
19121,2.45774746619268
19123,2.12946963571141
19125,2.28644142124529
19127,2.09907957472613
19129,2.05354329216148
19131,2.06272002470241
19133,2.06410626538056
19135,2.66125582804111
19137,2.14691131403307
19139,2.16663094847766
19141,2.04713790548733
19143,2.04984017181025
19145,2.15318744038788
19147,2.04609853062458
19149,2.08649400536966
19151,2.02982457481681
19153,2.13637615340053
19155,2.08361327621825
19157,2.22149886116079
19159,2.59174940206861
19161,2.07207595590341
19163,2.09723371551318
19165,2.08815478899299
19167,2.05384569328915
19169,2.02949173057585
19171,2.14358963793093
19173,2.30167364476918
19175,2.52551800485462
19177,2.38407297786425
19179,2.2417677425237
19181,2.32084183037218
19183,2.15610245738421
19185,2.38138092453466
19187,1.99623200324472
19189,1.9933951963052
19191,2.45072644092543
19193,2.09358343158449
19195,2.03894774224113
19197,2.00137449374529
20001,2.83679105316193
20003,2.76088411172308
20005,2.23295223502775
20007,2.42586037869463
20009,4.07382077323724
20011,2.72078162589597
20013,2.1929325380519
20015,3.64207542607346
20017,3.26459730950136
20019,3.04991708277332
20021,3.00599253295167
20023,3.36070076897332
20025,2.25459791777071
20027,3.78592060995217
20029,4.06142108313674
20031,2.6893994564912
20033,2.55043060927391
20035,3.81913596984258
20037,2.93847621571939
20039,3.12479472483663
20041,3.65100183714344
20043,2.04135458631324
20045,2.5451797451449
20047,4.17018456042658
20049,3.01296821971404
20051,2.55870044882673
20053,3.05792367949719
20055,4.15712519588436
20057,3.35527919465673
20059,2.59836158040596
20061,4.11793940471322
20063,3.3060114012921
20065,3.51235590919765
20067,3.47777968575231
20069,3.77970052196774
20071,2.85479221492417
20073,2.8094778228135
20075,2.98680674597929
20077,2.05442971840311
20079,3.68598103547182
20081,3.66932052245392
20083,2.84659961199204
20085,2.6080221113037
20087,2.38409327329915
20089,4.03941610801595
20091,2.51787681123459
20093,4.12632554520229
20095,2.37426297578945
20097,4.22362156440829
20099,3.12957195113854
20101,2.79511728180274
20103,2.37133709281593
20105,3.45181937598092
20107,2.36090227870539
20109,2.94332304462766
20111,2.77407933916763
20113,3.33013721550641
20115,3.9018082428776
20117,3.22169061608671
20119,3.28004270382524
20121,2.50799671983652
20123,3.35785852999273
20125,3.05511651457497
20127,3.8435139058009
20129,3.02556344338869
20131,2.64918226483742
20133,3.06404200560909
20135,2.52946183519299
20137,3.78208523879987
20139,2.56920122301428
20141,3.59919301279617
20143,3.55369823503879
20145,4.19095490388795
20147,4.25713251740813
20149,2.9447941980231
20151,3.6358273253409
20153,3.43234441628391
20155,3.78928074544381
20157,4.17187202176288
20159,3.74794332042016
20161,3.81811829293208
20163,3.56243163694136
20165,2.86765104575481
20167,3.18664461896679
20169,3.16603917371015
20171,3.01325231518703
20173,3.59203006146699
20175,3.73896123608308
20177,2.53365155990783
20179,3.34597016492946
20181,3.0382902101503
20183,3.96843372129183
20185,4.24159529531117
20187,2.99641907965923
20189,3.32579550502226
20191,3.06688988405636
20193,3.02690448847395
20195,2.98005029908294
20197,2.89677871883838
20199,3.06207878226756
20201,4.02239382171009
20203,2.92830845476086
20205,2.95374937693639
20207,3.00612766958551
20209,2.19691797372692
21001,2.78942412341318
21003,3.13903506281637
21005,2.88347203801377
21007,2.76549353920289
21009,3.10929814616693
21011,1.92330525241221
21013,2.05201002818407
21015,2.40724222980349
21017,3.00997489067084
21019,2.19581512633318
21021,3.01333895112281
21023,2.40817918637778
21027,2.50572129457762
21029,2.40258202225573
21031,2.23875964220533
21033,2.97705819567152
21035,2.88904422154083
21037,2.15647838819452
21039,2.68569956837518
21041,2.23942866725925
21043,2.40106993687614
21045,2.52758798401734
21047,3.07791617493703
21049,2.44014278352629
21051,2.09769162607693
21053,2.64215829638534
21055,2.66912132847401
21057,2.34782753067957
21059,2.50718314505005
21061,2.3006367964659
21063,1.75583751037879
21065,2.2079041993001
21067,2.55785732941759
21069,2.5440224565223
21073,2.38681463888177
21075,2.55466818830209
21077,2.56392935705051
21079,3.60272148631664
21081,2.4753152298659
21083,2.7567250556517
21085,2.48505304042071
21087,2.66216979486348
21089,2.35273542609294
21091,2.43153099501788
21093,2.53375045732418
21097,2.80532795246181
21099,3.29140697514359
21101,2.28298190604426
21103,2.2083814821066
21105,2.7573220554078
21107,2.47866777034788
21109,2.24677642763648
21111,2.33905225838593
21113,2.97613118924559
21117,3.11103480600506
21121,2.01872389210457
21123,2.56771784306093
21125,2.45887590235754
21135,1.64699924783422
21137,3.1187284410187
21139,2.49167164121991
21141,3.22329416308343
21143,2.92037420850945
21145,2.62484167275139
21149,2.60366022080174
21151,2.73150157811447
21153,3.60153516400428
21155,2.88070469920619
21157,2.7589687949086
21161,3.00285562627993
21163,2.94149205988998
21165,2.03536438867142
21167,3.21294584133754
21169,3.24662706278744
21171,3.17592585391111
21173,2.45192241081284
21175,2.03368222931514
21177,2.5124075171756
21179,2.83851126913355
21181,3.28797100577181
21183,2.27481512240224
21185,2.46572460718907
21187,2.05035376874736
21189,2.29488182836349
21191,2.41703838172613
21197,1.84781151581065
21199,2.75578645189323
21201,3.75232982823914
21203,2.69151639424232
21205,1.89203449558969
21207,2.42898632545051
21209,3.57236384501065
21211,2.51701314962621
21213,3.23780507118424
21215,2.32155824207773
21217,2.72819244706987
21219,3.06777141536943
21221,3.05572814651906
21223,2.2782272362408
21225,2.39742257789272
21227,3.00785424849789
21229,2.87523907247114
21231,2.72599019024958
21233,2.35926271761543
21235,2.04201718678895
21239,2.97044074821364
22001,2.41061942100498
22003,2.26992826857277
22007,1.39131149211112
22009,4.25297057274338
22011,3.9137750889986
22013,2.93438157326128
22015,3.55777225111758
22017,3.38931654236433
22021,4.3285219081363
22025,3.97685014989304
22027,1.72627241715873
22029,3.68512647497494
22031,3.52368510379026
22033,2.3063852468354
22035,2.68308607660747
22037,2.98750921898639
22039,2.5951815424328
22041,3.7177207029113
22043,3.26877374112429
22045,1.42723545901867
22047,2.07077320638092
22053,2.06428781043067
22055,3.27635640320809
22059,3.11665193217327
22065,3.25060811500113
22067,3.85733447890882
22069,3.41319259333734
22073,4.046725033051
22077,3.74836382985971
22079,5.06842047886358
22081,3.67126650198837
22083,4.18717327813996
22091,3.30793680048
22093,1.27733822368776
22097,3.35683355869557
22099,2.43032815449462
22101,1.39032054590473
22105,3.4906466775323
22107,4.17249025143388
22111,2.2378740749314
22113,2.92495267031118
22115,4.66685956697572
22117,3.33153867996124
22119,3.08510701311134
22121,2.47387239979946
22123,3.48179734751362
22125,3.48402576545478
22127,2.39739303791864
23001,2.34241261173583
23003,5.41480090963564
23005,2.95625341244572
23007,1.71669174461926
23009,1.08106170937298
23011,1.45232361787489
23013,1.16688980605938
23015,1.68252550442828
23017,3.97361140866786
23019,2.68693023083151
23021,5.2935640143127
23023,2.15694375972199
23025,1.44752136457074
23027,2.23633999946202
23029,1.11704592655576
23031,2.5777724268157
24001,3.48712129257021
24003,3.33281807003959
24005,3.24699714576866
24009,3.38511063169965
24011,3.77671106790592
24013,3.50286382368306
24015,3.47082981396663
24017,3.70518146004844
24019,3.65376405965226
24021,3.69703130206437
24023,2.52390955502746
24025,3.17807833802297
24027,3.44631211920483
24029,3.56135962034315
24031,3.32892049108012
24033,3.50276125919272
24035,3.31900535425744
24037,3.33650433459004
24039,3.24171677408463
24041,3.36753257284765
24043,3.91213589344659
24045,3.39104381833267
24047,2.99904609830445
25001,2.19326021879262
25003,1.72046556916659
25005,3.45993347508306
25007,2.88493225497706
25009,1.80556947850828
25011,3.37118809257302
25013,4.26354372535317
25015,3.85057913792206
25017,2.288707171751
25021,3.00919273101194
25023,2.60250569892804
25025,2.55581938064351
25027,1.77718634562891
26001,3.81059313785889
26003,2.72521961734263
26005,3.74309409870867
26007,4.8352126851726
26009,6.58170136311496
26011,6.04608653661339
26013,3.61033987857552
26015,3.5831931121351
26017,5.31063514437186
26019,4.48423770346005
26021,4.61939123504965
26023,2.99811643984314
26025,2.94325168233033
26027,3.2998447544204
26029,4.34354490940466
26031,3.96106400096609
26033,2.63477034321075
26035,4.26243659439469
26037,3.88185097351304
26039,2.45124707992708
26041,3.32399233140877
26043,6.68761608993505
26045,3.29999903998583
26047,3.58370826392863
26049,3.43523241055883
26051,5.23354715079767
26055,4.98108774231675
26057,4.2982025309072
26059,3.1944355968222
26061,3.15539350252426
26063,5.61261024498453
26065,3.32204063868439
26067,3.59715339779253
26069,5.3452086458685
26071,7.31322682194771
26073,4.69614099077055
26075,3.28364632423707
26077,3.13877735795024
26079,5.01050218934274
26081,4.93986757339687
26085,2.74098163760072
26087,3.94999525317833
26089,2.83395682180022
26091,3.33696809546895
26093,3.77406488442539
26095,4.26387446479201
26097,5.12992094428207
26099,2.96494414172932
26101,5.83087363393863
26103,2.96499630105251
26105,6.25102764267224
26107,4.30165045564645
26109,3.42143104240658
26111,4.53288774190812
26113,3.08629470000023
26115,3.14825132118563
26117,5.65697667906713
26119,4.30296542259991
26121,4.86984898292954
26123,4.64346635273043
26125,3.79784773748154
26127,7.53233158352819
26129,3.85691182159717
26133,2.5162005552127
26135,2.65532593977894
26137,5.07126220772981
26139,4.46662734746183
26141,5.54678884916386
26143,2.52604409583922
26145,4.25019036352934
26147,3.18969578267872
26149,3.30265077584531
26151,5.01335299203929
26153,2.8658078281295
26155,3.5525664206327
26157,5.36853194730751
26159,4.7445087033281
26161,3.68958819921534
26163,3.14661360761672
26165,3.44239027841026
27001,4.97467877813798
27003,3.99783335540951
27005,4.68107911467919
27007,4.9506139162109
27009,3.47862825750142
27011,2.59128015424482
27013,2.09648911401974
27015,2.35904811594029
27017,4.6122021825662
27019,2.69532744969594
27021,3.77025883554316
27023,3.05830153899097
27025,3.08424479972284
27027,4.10499385504411
27029,4.15625887504102
27033,2.1660016606408
27035,4.14470524823119
27037,2.83639807015421
27039,2.27230820380575
27041,3.55695547232814
27043,2.08536930630731
27045,2.48383677764835
27047,2.16608854077987
27049,2.50385365184584
27051,3.13471196026375
27053,3.05645485093701
27055,2.6449698648908
27057,5.96505228256769
27059,2.93217736248284
27061,4.95247504557899
27063,2.05961042904908
27065,3.54696143357134
27067,3.07148276799799
27069,4.04012001569051
27071,5.76546355530767
27073,2.34486665826974
27077,4.20342829517016
27079,2.28349314615873
27081,2.58621407136272
27083,2.28501086963629
27085,2.61571809656556
27087,3.77954150476351
27089,4.30978036552265
27091,2.04256113997543
27093,2.7403481400103
27095,3.31888067318718
27097,3.46063575328709
27099,2.26560909524567
27101,2.24016004358828
27103,2.21065567646798
27105,2.12494322825723
27107,4.27051219008555
27109,2.55752502865946
27111,4.60361172033199
27113,3.64598049783293
27115,3.48555775089046
27117,2.45935544559237
27119,4.89983333541109
27121,3.33120682629209
27123,4.11279287877743
27125,4.01348921548727
27127,2.31215512988461
27129,2.9400222728063
27131,2.42001563464027
27133,2.14732100524758
27135,4.80061423151684
27137,5.43921851791571
27139,2.67878922248112
27141,4.01370185022313
27143,2.4339140524278
27145,3.48593358789701
27147,2.33345418356592
27149,3.04263928608732
27151,2.88619536730733
27153,4.01686730055492
27155,2.8843280293262
27157,2.63829321791593
27159,5.50424907977183
27161,2.13062877939089
27163,3.04833430640225
27165,2.0824065207036
27167,3.98801215845447
27169,2.77333446394422
27171,2.92413334462992
27173,2.44808541606717
28001,2.83559597123275
28003,2.45901869790927
28005,2.91492312277932
28007,4.038997773037
28009,2.40339466101486
28011,3.13128591594829
28013,4.00357914053678
28015,4.1244304291714
28017,2.76718090901821
28019,4.48389285059864
28021,3.87614334354864
28023,3.09729763585546
28025,2.67964607268017
28027,3.8841580340693
28029,4.88818751623221
28031,4.01459501587317
28033,3.35761907795809
28035,3.40218455581075
28037,3.0830929471398
28039,4.03305029491576
28041,5.46289219098634
28043,4.01796397747219
28049,3.52869603846455
28051,3.83764018847802
28053,3.32844057565055
28055,2.8112347719109
28057,2.0910372671238
28059,2.96363459508754
28063,2.4965574569339
28065,3.07703970417159
28067,4.72215622083662
28069,3.25708746681784
28071,3.08887638974419
28073,3.26461662935645
28075,1.87938108793872
28077,3.14948033832753
28079,2.9227119598462
28081,2.06808840364858
28083,3.39704411624126
28085,3.14199767478861
28087,3.58087744921229
28089,3.65045371118064
28091,3.30629111550761
28093,2.82501029419067
28095,2.79186622007916
28097,3.44483584392424
28101,2.02205963090622
28103,3.12482569744214
28105,2.45685619725924
28107,4.4270647350682
28109,4.14697301499842
28111,4.18030857583728
28113,2.58740043347744
28115,2.12318158655018
28117,1.88794078231279
28119,3.64053925508553
28121,2.78508936230264
28123,2.13489671907457
28125,2.87524159312329
28127,3.06360542200649
28129,4.22774250013965
28131,3.20846168821831
28133,3.02225055247833
28135,3.29914700281135
28137,3.98779761293547
28139,2.39685645525294
28141,3.25398784380467
28143,3.87492149812271
28145,1.68938279496463
28147,3.61490760046993
28149,2.90120084085755
28151,2.95249396249049
28155,4.18274621383723
28157,2.39291915651482
28159,3.20442507852418
28161,4.03129299362603
28163,3.68989133399235
29001,2.04206007240414
29003,2.12059544569941
29005,2.03643398897005
29007,2.47806914007338
29009,4.18767298399619
29011,3.00396579061723
29013,2.46462490260587
29015,2.54998623998543
29017,2.56192723090519
29019,2.5660455797657
29021,2.10768480460512
29023,3.12302565814745
29025,2.34912513112676
29027,2.5470786672561
29029,2.52344533403883
29031,2.67774186332637
29033,2.1790333951415
29037,2.24389603768644
29039,2.7365342931809
29041,2.19505674966879
29043,4.18950044099071
29045,2.20784864189543
29047,2.2482493188174
29049,2.13951032080264
29051,2.26117492069068
29053,2.5728465902742
29055,2.27737727754478
29057,3.13981981374084
29059,3.45701245482934
29061,2.14153014078872
29063,2.2660011612736
29065,2.66287738549069
29067,3.70188075813332
29069,4.249687725236
29071,2.41368634798425
29073,2.4566095369233
29075,2.27798373098183
29077,3.99040585905319
29079,2.09786217011117
29081,2.19952882070701
29083,2.4789129566185
29085,2.99925819203033
29087,2.05636667496136
29089,2.37390666190449
29091,4.21286120825558
29095,2.21526918041814
29097,3.0400923627329
29099,2.36751887794471
29101,2.35610408872438
29103,2.18572113458624
29105,2.875277488344
29107,2.17245626824371
29109,3.57352474335803
29111,2.24732121142819
29113,2.51859553201526
29115,2.1666153779832
29117,2.10281268693351
29119,3.23284780287563
29121,2.13036466689518
29123,2.35408275535841
29125,2.48699215478483
29127,2.31795121023717
29129,2.11543424511686
29131,2.20829652654814
29133,2.71297961252134
29135,2.58853336953559
29137,2.34475784860074
29139,2.57399808104559
29141,2.65024307127875
29143,3.71468613824689
29145,3.35936011420521
29147,2.11539399391345
29151,2.42327904975498
29155,3.67551058079692
29157,2.81172023200204
29159,2.46438773214902
29161,2.55874804001427
29163,2.45883397714831
29165,2.13590058076529
29167,3.59887603028471
29169,2.3208527291199
29171,2.09255797456374
29173,2.36043611100578
29175,2.36785333813074
29177,2.15691173145565
29181,2.76604095765209
29183,2.32905619036813
29185,2.81207515679057
29186,2.66160975571518
29187,2.84647571529931
29189,2.44246514288911
29195,2.13921670203298
29197,2.03723193602385
29199,2.15755469960529
29201,3.35001862344683
29205,2.18776791361719
29207,4.08414137148056
29209,3.8502731609465
29211,2.0654941619251
29213,3.65767407538
29215,3.92636592944092
29217,2.78531244250778
29219,2.40041926102009
29221,1.89349461791286
29223,2.56334935522806
29225,3.17498696526207
29227,2.1229840290517
29229,3.18086638844477
30001,2.6389130413141
30003,4.59192141977157
30005,3.06940893012567
30007,3.39384836942202
30009,4.1683941331317
30011,3.04155079168555
30013,3.43274735418851
30015,2.51734098430859
30017,3.9862546662642
30019,3.97418038947622
30021,3.18096309403724
30025,3.6289233150322
30027,2.82952803182068
30029,3.83752756550631
30031,3.93914724506331
30033,3.06076032179475
30035,4.47187397827938
30037,3.57336102473743
30039,1.65029245708351
30041,2.0199044355549
30043,1.73167101163479
30045,2.9555260057873
30047,2.15537058985612
30051,3.18469516745508
30055,2.84514314111946
30057,2.38545150730992
30059,3.3393787834176
30061,1.25109994029782
30063,1.52801984296296
30065,3.62085564306763
30067,2.09572001715278
30069,2.99674231504632
30071,3.88358685809177
30073,4.07873012075304
30075,1.79733387303638
30079,5.14488732628852
30081,2.07333516617788
30083,4.03560839967878
30085,3.90164362232148
30087,5.23422434204718
30089,1.39287095356315
30091,3.72218715654147
30095,3.38621728545938
30097,1.66087701056778
30099,3.92246182285763
30101,3.71909324688603
30103,5.66347761935717
30105,3.72578952947534
30107,3.4257915327372
30109,5.87249831006755
30111,4.97594328788156
31001,2.1582061588152
31003,2.32632322360505
31005,4.29954262456591
31007,5.3221153199274
31009,3.38051484077059
31011,2.33337977275772
31013,5.36612776135032
31015,3.82452819289486
31017,2.03019130628987
31019,2.40912065520015
31021,2.15608553358342
31023,2.21680905044297
31025,2.16387474683286
31027,2.50856953493839
31029,2.58169856159548
31031,4.27470627731884
31033,4.22737873298558
31035,2.19240549659824
31037,2.36914398762263
31039,2.3316569240593
31041,2.65373663568017
31043,2.20445590100676
31045,4.07828192147612
31047,2.48412217895452
31049,3.33800075304514
31051,2.25899342649954
31053,2.14998727090777
31055,2.24978753337513
31057,3.07976078530361
31059,2.1723210010629
31061,2.93268521096633
31063,3.43970505705789
31065,3.64714995552511
31067,2.53317989024706
31069,3.95648673477298
31071,3.09453627870494
31073,2.66379146899593
31077,2.4145395082349
31079,1.79404747487059
31081,1.99708421826066
31083,3.23616804117385
31085,3.14917085746703
31087,3.1719930199237
31089,2.62378071458784
31091,2.14698184004742
31093,2.35135991022345
31095,2.66166077350905
31097,2.42463073748935
31099,2.30913904763273
31101,2.83515005982181
31103,3.57175645533623
31105,5.27331230291047
31107,2.98742656843632
31109,2.31280845730799
31111,2.64061374673276
31113,2.57510449199789
31115,3.68421782976257
31117,3.77380571364934
31119,2.3195670724133
31121,2.08456901484676
31123,4.18244796169063
31125,2.4091436471983
31127,2.19039510916797
31129,3.1218406276386
31131,2.22837490659142
31133,2.55654993982518
31135,2.66503228114886
31137,2.18476623582553
31139,2.33093507365226
31141,2.19086324580828
31143,2.12960961729838
31145,3.64284373019412
31147,2.20514965495374
31149,2.62794447648443
31151,2.45562687858897
31153,2.17942269251565
31155,2.20286839231487
31157,3.74685351928919
31159,2.25028671226799
31161,5.62098106301127
31163,2.54418987819313
31165,3.8250444155842
31167,2.39857298668334
31169,2.67404715854253
31171,3.73785159720572
31173,2.48330766953819
31175,2.67773692564503
31177,2.31798739105392
31179,2.3439746261223
31181,3.32658971005163
31183,2.57264892666118
31185,1.98630470811784
32001,1.82155819910144
32013,2.25126107045721
32015,1.13773359976635
32019,1.56087197578802
32021,1.19042537566045
32027,1.66936342691229
32031,1.1164865942818
32033,1.58399591583966
33001,1.36181395603759
33003,2.82784936563197
33005,1.99771959977055
33007,1.15290279350867
33009,1.34181861405644
33011,2.56747533823064
33013,1.19153580603093
33015,2.97822038156443
33017,1.95607864632755
33019,1.29277743963486
34001,5.32782751660475
34003,3.47385899657485
34005,3.35319801444214
34007,6.45781234507243
34009,6.15141617380489
34011,5.78953841535876
34013,3.68033328914567
34015,6.65556770282029
34019,3.59420212945154
34021,2.56271482705221
34023,2.78974548256559
34025,3.80158352005895
34027,3.23371871314225
34029,4.44687902719341
34031,5.22935456422059
34033,5.03343140458796
34035,3.80139298983547
34037,3.09619152900808
34041,2.60715591484731
35005,5.1401639007207
35007,1.24150087568086
35009,2.52097465477338
35011,2.82951773000831
35013,5.57859155230388
35015,3.5965491006446
35017,1.95969188334105
35019,2.08177807932244
35021,2.76708911052314
35023,3.17948266405471
35025,5.66484805645074
35029,9.29617380295147
35033,1.09346791244704
35035,3.15251533481814
35037,1.89766443341893
35039,1.03148786345228
35041,3.35896037332838
35045,4.69843854985524
35047,2.49181968567907
35049,2.59636740886361
35051,5.16616700408756
35053,1.71766498154044
35055,1.01466536431656
35057,3.11095403256874
35059,2.83078782946217
35061,1.53172181607783
36001,2.76092367479013
36003,3.5291371148286
36007,2.40617805840776
36009,3.90405264913507
36011,3.65728941960642
36013,3.47339391224429
36015,3.12642926726618
36017,2.51641866109607
36019,2.38198970662986
36021,3.15999958880196
36023,2.79094696649745
36025,2.00456564097152
36027,3.16102812577003
36029,4.86991753678458
36031,2.30550774288861
36033,2.35523765546901
36035,1.9922070085226
36037,4.93979722189796
36039,3.32718591056598
36041,2.95665208999584
36043,2.75284140581166
36045,2.72647622053882
36049,2.13490214439872
36051,4.1670349970699
36053,3.14517780093435
36055,4.93464920366188
36057,2.06622853537757
36059,5.98513355963371
36063,5.10789256046159
36065,3.20189375246439
36067,3.76765871551239
36069,4.37488168169697
36071,5.47611569218213
36073,5.73800859607252
36075,3.56916979790453
36077,2.5536576492678
36079,2.4480075599039
36083,2.6510856079893
36087,2.8422175659931
36089,2.06487373869156
36091,2.41803057364103
36093,2.32233595695324
36095,2.2932374070784
36097,3.59284898919021
36099,3.99122544411026
36101,4.62001960602294
36103,5.67654046102594
36105,1.42068750655764
36107,2.9678053646203
36109,3.78905187471065
36111,3.04351539746042
36113,2.42542344598614
36115,2.2503003560622
36117,4.3241028356988
36119,3.37175501134206
36121,3.18063983316271
36123,4.84361722844077
37001,3.76957931190819
37003,3.96087187512346
37005,2.13740683667142
37007,3.96298973333512
37009,4.27959858723822
37013,3.75552804087091
37015,5.41714353041434
37017,4.38989922505315
37019,3.25326475385437
37021,3.60750360865226
37023,3.99163797468406
37025,3.76313475129597
37027,3.95767163715964
37029,2.97156620449608
37031,2.93585744307675
37033,3.83057508816282
37035,3.11318485625995
37037,4.0941641874442
37039,3.38036157159499
37041,4.8770080936287
37043,2.46682785528295
37045,3.29850864733123
37047,3.64909180088535
37049,4.1789500036191
37051,4.82403370873644
37053,2.89912507512789
37055,2.59479691872575
37057,3.20015994995822
37059,3.11444223825969
37061,4.16668764735364
37063,3.68079307934782
37065,4.93730726864304
37067,3.00185709921976
37069,2.93866145042123
37071,3.54459289972316
37073,4.1163733226554
37075,3.94058720652243
37077,3.86439770518026
37079,4.77740105171955
37081,3.67182895544911
37083,4.45632705701125
37085,4.47874554825677
37087,1.94339188298934
37089,3.81474770883526
37091,5.23278220111523
37093,4.08403052332905
37095,3.70219004890529
37097,3.54555185456523
37099,6.53498734600135
37101,4.19163747006359
37103,4.42582071501988
37105,3.73933350028395
37107,4.52236348811088
37109,3.3233132822577
37111,3.74839153236279
37113,4.84083768732244
37115,3.21958935518778
37117,4.75480013346659
37119,3.16301675165071
37121,4.4634474694079
37123,5.02794150231666
37125,4.30956931645394
37127,4.5902633313162
37129,2.72096721333584
37131,3.87208170592878
37133,4.23269241586738
37135,3.65792434615535
37137,3.2786495274496
37139,3.06473497838472
37141,3.24440281989052
37143,3.67436899663967
37145,3.09195619464826
37147,4.55746745216829
37149,6.48072322046664
37151,3.68020346808355
37153,4.85723599254892
37155,3.87151024278426
37157,4.19405735881856
37159,3.39338588722453
37161,4.1216391882709
37163,5.1389090172679
37165,4.18699733932662
37167,4.07559353472909
37169,3.67621639803956
37171,3.54216588951694
37173,4.99043731588934
37175,2.9284154307686
37177,3.30609271666013
37179,3.11131703225367
37181,2.38454773473885
37183,3.08675045482042
37185,3.34447351464477
37187,3.98760228271654
37189,4.38121320258627
37191,4.50945072253551
37193,2.66526023715909
37195,4.90292784909682
37197,3.40629159528045
37199,2.77959970551388
38001,3.76257782856865
38003,3.07652756991207
38005,5.02602320598569
38007,3.30424694774135
38009,5.9364857676257
38011,4.99494166971515
38013,5.56970271610863
38015,6.75635309987899
38017,3.17183894019434
38019,3.7841360251871
38021,3.11918673122981
38023,4.87330399451524
38025,3.25074185716998
38027,4.8765006890331
38029,5.5345792308411
38031,3.91363115093293
38033,6.4410463179407
38035,5.37884272677246
38037,4.2619095950579
38039,3.89894157265623
38041,3.20389226693565
38043,7.53956488777938
38045,2.97492448289127
38047,5.15554440320595
38049,5.99521511931438
38051,4.45134478945845
38053,6.15986794947743
38055,6.86885921949765
38057,6.21915153054945
38059,4.34165195578013
38061,6.11352004892703
38063,4.39737919607633
38065,5.3145012736198
38067,5.2377109951215
38069,5.05759867288822
38071,5.27709635799407
38073,3.50045511075608
38075,6.32465912831563
38077,3.13375539817651
38079,5.37899274103788
38081,2.84507893071678
38083,5.15939225612372
38085,4.77152328317775
38087,3.72033218053929
38089,3.10642641100806
38091,3.90616412273388
38093,3.30058787492151
38095,4.59591358402636
38097,4.43767902000069
38099,5.83393241076923
38101,6.07949270701486
38103,4.57050446253644
38105,4.5221593656991
39001,2.36578666997697
39003,2.57644769890108
39005,2.92138082859028
39007,2.78010240705966
39009,2.75264202937757
39011,2.77880446176169
39013,3.1787942444548
39015,1.80587227706586
39017,2.40019356071735
39019,2.97283595084576
39021,2.39027136785526
39023,2.33667209676641
39025,2.00705522923206
39027,2.21587430204375
39029,3.22406978730579
39031,2.5391759601975
39033,2.65406928815491
39035,2.44119226696295
39037,2.6028568956757
39039,2.74693141901492
39041,2.41003930009052
39043,2.75915652623642
39045,2.64070065759064
39047,2.31747588214462
39049,2.49069444414226
39051,2.75589746657301
39053,2.3794169379617
39055,3.39311335286454
39057,2.32536950284781
39059,2.581093171063
39061,2.36270761821736
39063,2.7451502986866
39065,2.50949348553603
39067,2.98725596475033
39069,3.01918859206395
39071,2.23723915869901
39073,2.54456171597512
39075,3.00420486788821
39077,2.66015633294632
39079,2.41706399945051
39081,3.42386704657168
39083,2.55333262791231
39085,2.64528300335673
39087,2.48305732156837
39089,2.47648444364554
39091,2.55401204590456
39093,2.5099383980294
39095,2.76654887719255
39097,2.37667927824477
39099,3.17903978287297
39101,2.37534113056911
39103,2.80306781225029
39105,2.86103754531753
39107,2.87372102821424
39109,2.45138366211572
39111,2.55833249881024
39113,2.31199842925984
39115,2.68358086757298
39117,2.68749146863823
39119,2.33609774456009
39121,2.57054866147931
39123,2.7792037951418
39125,2.82359178927792
39127,2.47162628598991
39129,2.45454218818308
39131,2.30037261301659
39133,2.82309335031511
39135,2.328586033737
39137,2.97966930880299
39139,2.79486253589287
39141,2.55207185324746
39143,2.76460577766732
39145,2.13382547990288
39147,2.76924471788441
39149,2.75584044853689
39151,3.09025811384465
39153,2.92832249497193
39155,2.68970215615066
39157,2.84772227171325
39159,2.42975362100512
39161,2.48818858636386
39163,2.18649856538771
39165,2.31593275704803
39167,2.69487504215409
39169,3.20565335374578
39171,2.86828710836711
39173,2.85808613233868
39175,2.55665503344991
40001,4.22006440021957
40003,2.20722654432508
40007,2.40633634616124
40009,2.79423725972817
40011,1.77857851144942
40013,5.39898399175571
40015,2.38122426339438
40017,1.9621464855971
40019,1.28588210423971
40021,3.54372406342881
40023,3.68158483896795
40025,2.52617762911865
40027,3.72105720650272
40029,1.76032704353084
40031,1.92241053568071
40033,1.42979962054343
40035,3.31875754514564
40037,3.1858114426328
40039,1.97145467408667
40041,3.4435328497138
40043,1.78695796887298
40045,1.85002085254811
40047,2.61617606817243
40049,3.83755294903824
40051,2.67864992469374
40053,2.62845937683624
40055,1.78005696119019
40057,2.19790477475984
40059,1.70024814459566
40061,3.05963786493114
40063,3.35612577935036
40065,2.05018852103323
40067,1.18374883633102
40069,1.5141154815192
40071,3.17310994480865
40073,2.35333744407764
40075,1.74102477226719
40079,2.70248512442672
40081,2.86157466135659
40083,2.61383666462942
40085,2.82552534914116
40087,3.41281512476559
40089,2.7771701790456
40091,4.00777374292694
40093,2.65425666178764
40095,3.41770157602742
40097,3.44892883322264
40099,2.3040423055581
40101,3.45534664781317
40103,2.64621255875428
40105,3.49915409494667
40107,2.9874901937651
40109,3.71474705641195
40111,3.34623488916343
40113,2.96770450432161
40115,3.30794487352538
40117,2.93179929016124
40119,2.86217437591447
40121,3.96086561308421
40123,2.65182367962384
40125,3.91309311050345
40127,4.01509520155608
40129,2.0662594757884
40131,3.1263822315976
40133,2.72792885102818
40135,3.07519844660893
40137,1.47685538577995
40139,2.9497532348743
40141,2.70362108642044
40143,3.21938496401734
40145,2.64630159156749
40147,2.33675015974257
40149,1.9562717394872
40151,1.5428182871456
40153,1.57420125013037
41001,3.17182515242682
41003,3.82791773056564
41005,9.01748413698799
41009,10.4882299759941
41013,2.04117080544048
41017,1.88983816673433
41019,5.75799077963197
41021,2.78218702329464
41023,2.09001535319284
41027,3.11842181797038
41029,5.07414693359391
41031,4.63296442628572
41033,5.02860797301602
41035,3.16211591203166
41037,1.50563837636957
41039,3.04211972547954
41043,2.75276546965722
41045,5.36310276075707
41047,6.34155805636321
41049,8.08524971082195
41051,9.16211270010801
41053,4.87874300188795
41055,1.79689789442268
41059,5.32849760094971
41061,5.18274558741011
41063,3.35510896382326
41065,3.91079844605206
41067,7.36745016278367
41069,3.52430846495345
41071,6.66969203817263
42001,3.79989261560058
42003,2.04723250218567
42005,3.30373851854355
42007,3.02592955383903
42009,2.63842805564541
42011,3.2065016821719
42013,2.62566481918134
42015,1.97827623537568
42017,2.81438245314158
42019,3.41623326662313
42021,3.53890931962645
42023,2.31567496447265
42025,4.76527926396292
42027,3.38369416316895
42029,2.97938812569612
42031,2.99937857860352
42033,3.59471406879333
42035,3.33382416911371
42037,3.00614153263194
42039,3.19834818051761
42041,3.47349464291263
42043,3.14565661052875
42045,2.69965525967248
42047,3.14058084225665
42049,4.27967354424379
42051,3.03922570641872
42053,2.81993560519861
42055,3.46365254004506
42057,3.21817979770765
42059,1.48292087282658
42061,2.80615948150951
42063,3.17435620498523
42065,3.46010520103658
42067,2.81449013298348
42069,1.88549731882295
42071,2.63481877373778
42073,3.40404896203938
42075,3.0103339569603
42077,3.35438067087923
42079,3.05826916783218
42081,2.56034911878143
42083,2.75212949779587
42085,2.98182678007203
42087,2.76434952436754
42089,3.04084375440677
42091,2.9430972044908
42093,2.62570327970021
42095,2.84886124581082
42097,2.63343443807691
42099,3.18515221209359
42103,2.2423155946396
42105,3.49435989203723
42107,3.36862441154213
42109,2.84637283362356
42111,2.36565698958298
42113,1.74305575639092
42115,1.68700570544437
42117,2.26197800526359
42119,2.94810130522779
42121,2.85992977222535
42123,2.20216115880846
42125,1.47009165453695
42127,1.73551473144002
42129,3.36681085930289
42131,1.64847189322427
42133,2.86311879036368
44001,2.88365955944954
44003,4.06145217893203
44005,3.78044032458434
44007,2.81608956636583
44009,3.00447386822454
45001,3.93317307360412
45003,6.64809153218376
45005,5.74054944995337
45007,3.96524949536143
45009,5.97925316424342
45011,5.1526499433257
45013,3.61878954553053
45015,3.63288898391085
45017,4.27927260180369
45019,3.97375488168514
45021,3.52602857183299
45023,3.67319414625865
45025,4.49123976373462
45027,4.19499016469163
45029,5.3063181768817
45031,4.26649030738806
45033,4.19119551565467
45035,4.38916536313319
45037,3.49073960530214
45039,3.94768083657568
45041,3.6263940199528
45043,3.86038654863928
45045,5.32977485656149
45049,5.12021547176826
45051,4.20199551542348
45053,5.13857803759088
45055,3.79909215356376
45057,3.55271157591357
45059,5.44621213934932
45061,4.12616621056065
45063,4.97261627110786
45067,4.39378489820964
45069,4.49104573820707
45071,5.28648419057693
45073,3.46339210157143
45075,5.11563197460993
45077,3.49574164379638
45079,4.28783733606104
45081,6.19025833766883
45083,6.23297008282966
45085,3.89111761366889
45087,5.49322134084166
45089,3.86838509676943
45091,3.75368482696544
46003,3.48555640611443
46005,2.86984365980914
46007,5.71597807184069
46009,2.95998250623018
46011,2.71955701259749
46013,2.57105958539107
46015,4.39155328660351
46017,5.15065162432139
46019,4.48147948636491
46021,4.6150751494289
46023,3.78629264487625
46025,2.98408752628848
46027,2.46902741909358
46029,3.48219821798711
46031,4.65180963700966
46033,5.91072471305525
46035,3.17853291535601
46037,3.11545773419762
46039,3.18999300932233
46041,4.80845338220305
46043,3.31234381157973
46045,3.15197728078979
46047,5.80149946805785
46049,3.69111953866389
46051,3.31469563291262
46053,4.86819072368584
46055,4.06056720301536
46057,2.73556123211177
46059,3.93545460336967
46061,2.65379667959147
46063,5.06734810995712
46065,4.94435245671091
46067,2.72755929058797
46069,4.75106161406831
46071,4.39169015169751
46073,3.87609725202066
46075,5.08851272777217
46077,2.75588670697185
46079,2.40991923136959
46081,2.96012955443623
46083,2.22865571119369
46085,5.28152753599556
46087,2.39578116353863
46089,4.03403335634075
46091,2.77394611449506
46093,4.51746371377799
46095,6.05882748023998
46097,2.83430120333323
46099,2.45724975644604
46101,2.33535119231281
46102,4.34819890730216
46103,4.54176895491981
46105,4.79879813281407
46107,4.22105274687986
46109,2.82359866731145
46111,3.02769668950231
46115,2.92053689349203
46117,3.57416943419309
46119,3.99789331031467
46121,6.73326151901709
46123,5.64364813029852
46125,2.45212019396271
46127,2.25072674410716
46129,4.2611689267614
46135,2.72889548679286
46137,4.39124622191383
47001,4.20686261774151
47003,2.8654113302256
47005,2.26084055027107
47007,2.91924133076178
47009,2.74213398857555
47011,3.6808299681306
47013,2.87993242911831
47015,2.52698280282679
47017,3.68218384057568
47019,2.18060911563366
47021,2.48796953213584
47023,3.0161664087749
47025,2.50850101621396
47027,2.82304151997104
47029,2.91272724550182
47031,2.70048805362458
47033,3.71059703725029
47035,2.95831438856509
47037,2.90196635297684
47039,1.90953923814868
47041,2.22002373282859
47043,2.8501406376313
47045,2.85199922512615
47047,3.63988034695913
47049,3.3760538234412
47051,3.24930594724449
47053,3.49496958371533
47055,2.83896548411892
47057,3.1372720017243
47059,2.58330260991098
47061,2.78282956123693
47063,3.50064273476847
47065,3.29457885510695
47067,2.26797182386237
47069,3.65256417321327
47071,2.49146468268419
47073,3.06138059459247
47075,3.68296859613371
47077,2.65715644083762
47079,2.93866545977488
47081,2.42277397721983
47083,2.68370002856334
47085,2.11630367043316
47087,2.57204956774117
47089,3.08776464108039
47091,1.34465649475866
47093,2.84710763443507
47095,2.84085301755877
47097,2.73029173274347
47099,2.84667210355028
47101,2.32871588412333
47103,3.7339333592087
47105,3.36712562486327
47107,3.28172209799213
47109,2.79110919907045
47111,3.79462268598907
47113,3.71336939739476
47115,2.65079435859605
47117,3.13959403966001
47119,2.86908560984614
47121,3.01948932700987
47123,3.23732065545209
47125,3.03235329943898
47127,2.791549059353
47129,2.90801872047966
47131,2.63545984819944
47133,2.72858855636265
47135,2.19788300447237
47137,3.08604415935599
47139,3.59071571888381
47141,3.32162144273575
47143,2.88313471502886
47145,3.82895138142156
47147,3.16153944612055
47149,3.17968204075246
47151,2.3853465679303
47153,2.93110676528161
47155,2.79592476661672
47157,2.95830353792035
47159,3.56418166035773
47161,2.55869051492
47163,2.14723577028332
47165,3.11044361831709
47167,3.17306589408092
47169,2.94933216714456
47171,2.02357406274383
47173,2.26391986938643
47175,2.96820012720517
47177,2.99815386381432
47179,2.230335199369
47181,2.55586713302781
47183,2.846335544791
47185,3.04400503942192
47187,2.63148644546905
47189,2.82759565579321
48001,2.94177240525095
48003,2.60401688261848
48007,2.1445662766902
48009,1.16969177894193
48011,2.40017810132737
48013,5.99016889430798
48015,3.41196488787636
48017,4.17711144981751
48019,3.65459308403118
48021,4.84872089610855
48023,1.30083499481556
48025,3.29245579548677
48027,3.40619296891475
48029,4.67612073187444
48031,3.86958889666573
48033,1.9384858465038
48035,3.93639362687883
48037,3.68808321287943
48039,4.84692033658826
48041,3.43658765859924
48045,2.8199534484356
48047,2.83261664514011
48049,3.57134658291718
48051,4.31851485016028
48053,3.22636178324742
48055,4.545949427318
48057,3.49035568531709
48059,1.70612319578788
48061,2.99990304165495
48063,3.27587728223318
48065,3.61240733991604
48067,3.40335407744299
48069,3.73148288866046
48071,1.80424313996065
48075,2.47943506304878
48077,1.12734905315492
48079,2.71163256429952
48081,2.30471112286335
48083,2.71975177043494
48085,3.33831828327148
48087,3.01433742781391
48089,4.14174975816521
48091,4.03189083049585
48093,6.23329246689268
48095,2.90294067456615
48097,2.28495120945152
48099,3.96774517265989
48107,1.59207061493416
48109,3.874220355161
48111,3.15379841668827
48113,4.89347363573969
48115,1.57444644848305
48117,2.72071545337707
48119,4.71021279388026
48121,2.40498776159715
48123,2.59326606635413
48125,2.33462548247941
48127,4.48088274473347
48129,4.39565225644262
48131,3.19120664073683
48133,2.6538918701562
48139,5.25692704498997
48141,2.95969826028991
48143,5.33984825727736
48145,3.93517872355991
48147,3.92012096294747
48149,1.71290299479059
48153,2.66311544870563
48155,1.30078588055896
48157,3.61913681063286
48159,4.71155148214665
48161,4.94882054688149
48163,6.38211510028848
48165,2.42750487110503
48167,3.1423182622206
48169,1.55960609093028
48171,3.86853541793624
48173,1.69401888562924
48175,3.53653789266115
48177,2.23608215313739
48179,3.94659731069522
48181,3.00622966611347
48185,3.1401580029828
48187,3.76886376144222
48189,2.83306270010153
48191,2.38356627170519
48193,3.19552457057103
48195,2.39403936698493
48197,1.90261341693202
48199,2.12852611288403
48201,3.32325252218255
48205,3.44640756239174
48207,2.25786044168077
48209,4.39879638422833
48211,1.98797109620778
48213,3.90413127142497
48215,4.01295548319839
48217,3.96756945239513
48219,1.73278821164817
48221,2.2412807582676
48223,4.01690354417974
48225,3.93776452895873
48227,1.497445349493
48229,3.16040141708902
48231,3.96644154482184
48233,2.63124942911266
48237,1.18153525153053
48239,3.0662693025935
48245,1.62858774680885
48249,3.35811655598937
48251,3.52444234773765
48253,2.32605764797101
48255,4.05861011403559
48257,4.2364932244975
48259,3.7357638958129
48261,2.85611831237677
48265,3.52313346961412
48273,2.44067103518464
48275,1.56635576148774
48277,4.38194249518022
48279,3.52276820841444
48281,2.76138571163594
48283,5.29473383227936
48285,3.47332590212533
48287,4.33313961248655
48289,4.48874666058556
48291,4.58491225461278
48293,4.56134084863288
48295,3.14432013189421
48297,3.58649111165793
48299,4.86917095556892
48303,1.6458671472971
48305,1.46908386222577
48307,2.49112310064411
48309,4.07092499748036
48311,3.5518572261592
48313,5.47493885233457
48317,1.54042755513466
48319,3.59557559053774
48321,4.72836080980211
48325,4.77784823970326
48327,2.88778666859028
48329,2.03805449545653
48331,4.49833106423893
48333,3.20167433718182
48337,1.15753735231498
48341,3.23123230121298
48345,2.66581709942381
48349,5.03171033649526
48355,2.49383824031263
48357,2.9239580191532
48359,1.95486265133979
48363,1.44961872861508
48367,1.66024682259771
48369,3.43925212698709
48371,4.0888655149182
48375,2.04354023253752
48377,1.59277249462889
48379,3.14744786435195
48381,1.92654684539668
48383,2.21838794535735
48387,4.60543424181103
48389,3.00920522480571
48391,2.46316688909128
48393,3.2786311990796
48395,5.04597445938454
48397,3.0949097864538
48399,2.53980355520097
48407,4.63692660661019
48409,2.50248280324792
48411,2.0667615140263
48413,3.31869009765811
48415,2.22154588726731
48421,3.30462875050035
48425,4.2192000839988
48427,2.3049820797806
48437,2.97789123015803
48439,2.7035213892214
48441,2.18221398130432
48445,1.94090841589776
48447,1.36890377254879
48449,5.00540519066058
48451,2.80169818035462
48453,3.72976804694979
48455,3.03596775452332
48459,2.86558927062724
48461,2.33041808712728
48463,5.54330399099392
48467,4.53200265003378
48469,3.50931422422878
48471,2.99575364011425
48473,4.62569145519436
48477,5.46051699799215
48479,6.41566311519391
48481,4.35867548860284
48483,4.58281943108799
48485,1.55223913959543
48487,1.94876038130659
48489,2.21546426058779
48491,3.16831188610602
48493,4.6394491617187
48497,2.28554588802289
48499,5.04228769629192
48501,2.66944053612572
48503,1.29116807702843
48505,4.19953078909869
48507,5.69449002562451
49001,1.47366518253603
49003,4.1995299214645
49005,3.55647123825587
49007,1.52375261064009
49009,1.18861352334708
49011,3.60058144061694
49013,1.89773640179069
49015,1.50943460188691
49017,1.17498654441256
49019,2.10476914317126
49021,1.34785779193925
49023,2.35843185982894
49025,1.40969520950443
49027,2.51261626625083
49029,1.94900352060553
49031,1.39281539956678
49033,1.37182037726645
49035,2.56456008250354
49039,2.18407938810733
49041,1.97312065231257
49043,1.1891835777808
49045,2.12978567297095
49047,1.86493486490368
49049,3.84267419872578
49051,1.11763148048492
49053,1.74333916860457
49055,1.44626451279421
49057,2.64663598975259
50001,2.09946153820038
50003,1.87081288591601
50005,1.05210202975034
50007,1.48121072297596
50009,1.08133863393359
50011,1.2343428393276
50013,1.48685398575661
50015,1.25857949016163
50017,1.33130867858968
50019,1.11595114423934
50021,1.7176557525423
50023,1.54199443350593
50025,2.24975371098218
50027,1.22741008679055
51001,3.27636087442421
51003,3.09791717360424
51005,1.87918796726706
51007,3.23891385523389
51009,2.94647634927484
51011,2.94887479637839
51013,3.0270298564187
51015,2.68629826544903
51017,2.06945849929539
51019,4.27133652443054
51021,1.95595055912246
51023,3.32697581092975
51025,2.66884757881685
51029,2.93696221738929
51031,3.3623570820953
51033,3.20744742433062
51035,1.89920135120654
51036,3.53721867661953
51037,2.5280896302751
51041,2.75786897886821
51043,3.36333443970191
51045,1.80471248958539
51047,2.96407985773455
51049,3.28041214376702
51053,3.0894492005629
51057,3.29331298846718
51059,3.80683672154122
51061,3.25634680625469
51063,2.24270359320975
51065,2.99103104519641
51067,2.42097553740124
51069,3.9000205263081
51071,2.56749969890878
51073,2.64907053521804
51075,3.2843508792796
51077,1.92126564876994
51079,2.64972877700926
51081,3.54622071890701
51083,3.0505970948702
51085,3.15752639871422
51087,3.3215783073121
51089,3.51052317287024
51091,1.56611161224593
51093,4.17720237775367
51095,3.45705301669603
51097,3.04429646839398
51099,3.00170190882009
51101,3.196105005539
51103,3.17789544515741
51105,3.03830275246326
51107,3.45312043948664
51109,3.13679133396345
51111,2.774415118002
51113,2.83859102048551
51115,2.43877215734833
51117,2.5862490519838
51119,3.1127829681255
51121,2.61040141596271
51125,3.58542356239398
51127,3.28104133756123
51131,3.68200801349684
51133,3.18913451253286
51135,3.38724302596069
51137,3.33079516571869
51139,2.37526383561218
51141,2.80384401317393
51143,4.42492702841741
51145,3.12610015327371
51147,3.66122618167226
51149,2.96756615217563
51153,4.70442044668385
51155,2.72544430755349
51157,3.15660205316504
51159,3.19763558374797
51161,2.90244969432979
51163,2.77542676708262
51165,2.76807647745622
51167,1.35613808964995
51169,1.46487897159235
51171,2.58861694640758
51173,1.24906760742894
51175,4.04119926538803
51177,3.1887544408228
51179,2.886816652813
51181,3.88189322111098
51183,3.34141515714077
51185,1.76605972896552
51187,3.52843556645751
51191,1.56546861778093
51193,3.3531804308583
51195,1.56484252218802
51197,1.76360405176314
51199,3.35022165150319
51510,3.42368289846998
51520,2.82609386598503
51550,2.54930623981798
51620,4.39353298772507
51630,3.11941294530484
51650,3.01680211526286
51670,2.71450823612447
51680,3.86920488960878
51700,3.8577369936085
51710,2.87676920970759
51730,2.51801728021897
51735,2.78691506340769
51740,2.80845296872716
51760,3.22490293298689
51790,3.20089901471082
51800,4.16065196526381
51810,2.65228364459663
51830,3.87116349622736
51840,1.10107228448981
53001,6.6636852353666
53003,2.23729911209359
53005,10.7200177330423
53007,3.1757793390015
53009,5.56701211318524
53011,4.90196341063723
53013,2.27521465843557
53015,5.9625587609551
53017,4.01757763572346
53019,2.4941604560148
53021,8.16047254696637
53025,9.06877740798621
53027,4.44850229646499
53029,7.42577504566839
53033,3.03097283008925
53037,4.23444771800956
53039,4.71296084496342
53041,2.48313069046881
53043,2.03397561243721
53045,1.07747938370904
53047,4.03319657523102
53049,1.85044896867232
53053,12.5967495695305
53057,8.88479030283311
53061,6.09007509551624
53063,3.9913715261556
53065,3.09312901087728
53067,4.62039709061099
53071,5.73954263906368
53073,4.24161693743595
53075,2.88414290093222
53077,8.20814095842417
54001,1.56574033616761
54003,4.43790614051346
54009,1.11346509282424
54011,2.20231727559459
54019,2.1395254053068
54021,1.00843610219435
54023,1.21577061504766
54025,2.25247667851265
54027,3.16682725860318
54031,1.74547344761034
54033,1.10501377631424
54035,2.44898571316355
54037,3.41629673033459
54039,2.83563037598351
54041,1.26498614044252
54049,1.24384305973585
54051,2.14862378584314
54053,2.46518231124496
54055,1.53109514896407
54057,2.45982912533841
54061,1.56329007447479
54063,2.69540758268865
54065,3.98402315595501
54069,1.07695513284529
54071,1.57317934557934
54073,1.81912755061941
54075,2.71035450217327
54077,2.25480507141879
54079,1.78131644695234
54081,1.59837821481039
54083,1.82734553623349
54085,1.5246521543638
54089,3.02089438355554
54091,1.40402376063734
54093,1.43409681617401
54095,1.75452002707455
54097,1.36131833563046
54099,1.82948810267402
54101,1.41749874173834
54103,1.19442377906327
54105,1.44848229651297
54107,2.25287514327415
55001,5.05525782183312
55003,4.04827709199707
55005,3.65526164319268
55007,5.79920789972405
55009,3.68421389763238
55011,3.05466491864144
55013,3.5058963561573
55015,4.09308549527602
55017,3.41996569947127
55019,3.52570024378502
55021,2.83479392748336
55023,3.02704519778145
55025,2.9605560941872
55027,3.24864413944858
55029,5.31960253263515
55031,5.80203742081483
55033,3.57833301590819
55035,3.48792302737875
55037,3.7008586255354
55039,3.74552378080718
55041,5.33536214160035
55043,2.77606084578049
55045,3.07248966968357
55047,3.31636584816136
55049,3.18257106727291
55051,3.02880681662866
55053,3.16258477018852
55055,3.03311944288794
55057,3.84740404807676
55059,3.30199623096193
55061,4.1139091465113
55063,2.98962021902171
55065,2.56814580059978
55067,7.16087666399666
55069,4.39518104428502
55071,4.11441922890923
55073,3.84122413393762
55075,3.30863700909595
55077,3.51585379152695
55078,4.17546899903826
55079,3.50081779108367
55081,3.06254115145964
55083,3.79364851822072
55085,8.48282818738859
55087,3.59041282257796
55089,4.19650306274895
55091,3.39438243931671
55093,2.92820728447964
55095,3.39300694956851
55097,4.96873969875521
55099,3.45530721434658
55101,3.53215902407877
55103,3.1095877051891
55105,2.74974599875056
55107,3.61655764690302
55109,3.12109067140674
55111,3.34818916414965
55113,3.57220814048361
55115,3.38272609231098
55117,4.13339772529782
55119,3.63199132474344
55121,2.92441873033716
55123,2.93960409330658
55125,5.85634385964138
55127,2.78854078077451
55129,3.89547120234312
55131,3.78635590918368
55133,3.2579489173516
55135,3.51033737422983
55137,5.36328067070645
55139,3.76558960387571
55141,3.65366310529943
56003,4.8476750966126
56005,3.84321103721823
56009,1.81901510381202
56013,2.60751324673797
56015,3.79254311515866
56017,2.78890336660082
56019,1.81160875421457
56021,4.95147791514934
56025,1.56740551509406
56027,2.12654136141031
56029,5.15012270702164
56031,4.25903059022923
56033,1.73510839607691
56037,1.44577681471705
56043,4.32920864479976
56045,1.68259295187003
6081,5.4906196296101
12043,2.20946629152644
22005,1.50537186569601
22019,2.34360447544519
22023,1.45644794812514
22057,1.27005555668019
22089,1.39605159994929
48073,6.03819727277119
48339,6.58222075574225
48361,1.44169917165443
5133,2.11077736623972
8035,1.42187787482749
13127,5.1985109210578
13151,3.45925590202877
13265,5.65243579756901
30077,1.67145370733192
35027,1.77053540111241
40005,7.25007271617864
48101,2.77870448627869
48137,6.1850492712425
48151,2.42703151172085
48235,2.56250805204779
48247,2.35843741819307
48263,2.50929292600625
48267,3.22997010124263
48269,2.06177375027555
48271,4.2805170329336
48323,6.22738590582967
48335,2.46256518061049
48353,2.29003269316454
48385,3.34936862470787
48417,1.76677005893355
48429,1.61066487179079
48431,1.33258251085194
48433,2.03925431735431
56011,2.43087679597973
4007,1.75593081341662
6027,1.13187777767181
6037,2.12106847033444
6049,4.24372730416697
6051,1.06922042090771
6083,5.3259581822672
6093,2.8110540347373
8015,1.124022700767
8027,1.07085738827352
16007,2.47357930615747
16009,3.0380735543696
16017,2.94401904650884
26053,4.7622031559046
26131,4.33782555003896
30023,2.35545732430815
30049,3.05355283063917
30053,1.57102108702344
30093,1.55138804096152
32003,1.19270057792026
32005,1.34415526892542
32007,1.35670289669897
35001,1.15143204708041
41025,1.54392426246225
53023,1.45525078507434
53051,2.06051125918886
56023,1.95655530744146
56035,1.21756703763213
56039,2.058427238965
56041,1.17654806113327
5039,1.9638034621085
5099,1.79278946524081
6043,5.58936313252483
6073,2.44625738013269
8037,1.01568278879591
8091,1.08383131315117
13053,6.53820075877311
13089,7.20583555840721
13135,5.88905924113658
13141,1.32523034945137
13145,5.20143157850575
13199,4.59542033280362
13215,6.41305626958159
13257,3.35424043361662
13285,6.57632874601943
16079,4.02245139567641
22095,1.29088901227313
22109,1.10653566440757
28153,4.03427530875396
29149,1.17192711453124
31075,1.92434709188123
32009,1.45092277481402
32011,1.11311218552403
32029,1.05032306153908
35003,1.40387750499281
35006,4.32798659238935
42101,5.51891664562789
45047,2.96029921528675
48105,2.02245946520103
48343,4.31069434272019
48435,1.25558925856402
48495,1.6182302161232
49037,3.60276462888933
51590,4.39503475740044
12017,3.39899395859726
12053,1.96884869762173
12057,2.04148179265161
12069,1.37415439388802
51640,1.57344270017109
4023,2.27271422147152
6033,2.39419377553554
6045,1.83049775685919
6063,1.15354411572895
8051,1.11842234194125
8097,1.02407203204123
12101,1.21893684559908
12119,3.62159389374513
16085,1.63287807967473
32017,1.39859261829138
35043,1.07742722356575
41057,4.15395874205216
56007,1.24764373338366
12081,1.20277265502486
12027,1.03507921443165
12097,1.40326600268822
12115,1.394117112821
12117,1.42324833421609
22063,2.01396872682922
12035,1.79100104713831
12037,4.01879680483151
12049,1.03513154485425
12095,1.16193726622301
12105,1.11298374340813
12109,1.68345667640879
13097,4.83639009314969
13121,5.36848504949864
13223,4.75853495458599
41041,2.17059020093086
53031,7.28199166951982
53035,6.12758935941702
6111,3.55090081230238
5013,3.29734625511068
5065,1.65052575411068
5103,4.320521316364
5109,2.10145511723143
5125,3.5149838461394
5135,1.77805218935669
13051,3.6415262043584
13191,4.36827929196838
21129,3.08322007401485
21147,1.79264363882754
22103,2.14243461514389
28045,4.72048721654624
28099,3.61919938537796
29179,1.34912919058882
37011,3.67407620765544
51570,2.79793136147671
4005,2.14949896524054
6003,1
6091,1.07259037777621
6109,1.07100045675052
8049,1.16130280030945
8053,1
8057,1
8079,1.12111074930957
29093,2.19401270052364
29153,4.39971810781437
32023,1.10177114439314
32510,1.51158540608318
35028,1.26036482163385
35031,2.28813747513532
48135,3.99079028616229
48243,1.87437699075175
48475,1.60400858794648
53059,2.32020692434524
54029,1.13533816051868
56001,1.52783366668657
22061,1.91514837811625
6017,4.47880388556447
21095,3.71132412493192
25019,1.95389194834522
48423,8.82700075502188
6057,2.41505360017516
6105,1.04636241510144
5009,1.76722336943985
12087,7.02600931774032
13247,6.46684170218034
51530,3.24313882495929
,12.255214223676
5015,2.27512171143604
21025,2.10212867164329
21127,2.23972517108234
21237,2.30063212955022
24510,2.60049000598966
28061,3.32746628936032
51750,2.42611730635784
53055,8.17565309850267
54013,1.26338125030273
5023,1.76135912114648
48241,1.5495508628154
48351,1.37365579107726
48373,3.42796097250311
48457,1
5087,2.25278248602068
41007,6.56993124763767
45065,2.74945927399721
48043,2.21789205827885
22051,1.04074600003374
22071,1.5691925832142
22075,1.15736369970317
22087,3.53822670951743
13117,3.89962718664715
29035,1.40477736395913
28047,4.00505713990389
6023,1.38370853902302
12103,3.70312561530655
5143,3.52324217573167
41011,1.80505535318379
41015,5.06828071587279
5051,3.95542773926484
22085,1.88988157484231
51678,2.70479734326014
54047,1.5691925832142
48465,2.94171342108318
40077,2.60049000598966
48365,7.8759592439462
5113,1.75476535060332
21195,1.8112625899152
5027,2.3811015779523
48005,3.77976314968462
13063,2
